arch,categories,device_suitability,disk_gb,downloads,id,likes,name,org,param_val,params,tags,updated,url,version
gpt_neox,,Edge-Efficient (Phone/Tablet),5.29 GB,5339,databricks/dolly-v2-3b,293,databricks/dolly-v2-3b,databricks,3.0,3B,"transformers, pytorch, gpt_neox, text-generation, en, dataset:databricks/databricks-dolly-15k, license:mit, text-generation-inference, region:us",,https://huggingface.co/databricks/dolly-v2-3b,v2
internlm3,,Portable (Laptop/Desktop),16.4 GB,15980,internlm/internlm3-8b-instruct,228,internlm/internlm3-8b-instruct,internlm,8.8,8.8B,"safetensors, internlm3, text-generation, conversational, custom_code, arxiv:2403.17297, license:apache-2.0, region:us",,https://huggingface.co/internlm/internlm3-8b-instruct,N/A
llama,,Portable (Laptop/Desktop),22.58 GB,15999,01-ai/Yi-6B,377,01-ai/Yi-6B,01-ai,6.1,6.1B,"transformers, pytorch, safetensors, llama, text-generation, arxiv:2403.04652, arxiv:2311.16502, arxiv:2401.11944, license:apache-2.0, text-generation-inference, endpoints_compatible, deploy:azure, region:us",,https://huggingface.co/01-ai/Yi-6B,arxiv:2403.04652
mistral,,Portable (Laptop/Desktop),26.98 GB,1460,Intel/neural-chat-7b-v3-1,547,Intel/neural-chat-7b-v3-1,Intel,7.2,7.2B,"transformers, pytorch, safetensors, mistral, text-generation, LLMs, Intel, conversational, en, dataset:Open-Orca/SlimOrca, arxiv:2306.02707, base_model:mistralai/Mistral-7B-v0.1, base_model:finetune:mistralai/Mistral-7B-v0.1, license:apache-2.0, model-index, text-generation-inference, endpoints_compatible, deploy:azure, region:us",,https://huggingface.co/Intel/neural-chat-7b-v3-1,v3
bert,,Ultra-Light (Mobile/IoT),0.41 GB,468,Intel/polite-guard,15,Intel/polite-guard,Intel,0.1095,109.5M,"transformers, onnx, safetensors, bert, text-classification, Intel, transformers.js, en, dataset:Intel/polite-guard, base_model:google-bert/bert-base-uncased, base_model:quantized:google-bert/bert-base-uncased, license:apache-2.0, model-index, endpoints_compatible, region:us",,https://huggingface.co/Intel/polite-guard,license:apache-2.0
blip,,Ultra-Light (Mobile/IoT),3.5 GB,1230738,Salesforce/blip-image-captioning-large,1439,Salesforce/blip-image-captioning-large,Salesforce,0.4697,469.7M,"transformers, pytorch, tf, safetensors, blip, image-to-text, image-captioning, arxiv:2201.12086, license:bsd-3-clause, endpoints_compatible, region:us",,https://huggingface.co/Salesforce/blip-image-captioning-large,arxiv:2201.12086
blip-2,,Edge-Efficient (Phone/Tablet),28.38 GB,536142,Salesforce/blip2-opt-2.7b,425,Salesforce/blip2-opt-2.7b,Salesforce,3.7,3.7B,"transformers, pytorch, safetensors, blip-2, image-to-text, vision, image-captioning, visual-question-answering, image-text-to-text, en, arxiv:2301.12597, license:mit, endpoints_compatible, region:us",,https://huggingface.co/Salesforce/blip2-opt-2.7b,2.7
SegformerForSemanticSegmentation,,Ultra-Light (Mobile/IoT),0.49 GB,208379,briaai/RMBG-1.4,1913,briaai/RMBG-1.4,briaai,0.0441,44.1M,"transformers, pytorch, onnx, safetensors, SegformerForSemanticSegmentation, image-segmentation, remove background, background, background-removal, Pytorch, vision, legal liability, transformers.js, custom_code, license:other, region:us",,https://huggingface.co/briaai/RMBG-1.4,1.4
Unknown,,Ultra-Light (Mobile/IoT),1.65 GB,419173,briaai/RMBG-2.0,973,briaai/RMBG-2.0,briaai,0.22069999999999998,220.7M,"transformers, pytorch, onnx, safetensors, image-segmentation, remove background, background, background-removal, Pytorch, vision, legal liability, transformers.js, custom_code, license:other, region:us",,https://huggingface.co/briaai/RMBG-2.0,2.0
xlm-roberta,,Ultra-Light (Mobile/IoT),2.12 GB,3141754,BAAI/bge-reranker-v2-m3,833,BAAI/bge-reranker-v2-m3,BAAI,0.5678,567.8M,"sentence-transformers, safetensors, xlm-roberta, text-classification, transformers, text-embeddings-inference, multilingual, arxiv:2312.15503, arxiv:2402.03216, license:apache-2.0, deploy:azure, region:us",,https://huggingface.co/BAAI/bge-reranker-v2-m3,v2
bert,,Ultra-Light (Mobile/IoT),2.5 GB,3316561,BAAI/bge-large-en-v1.5,609,BAAI/bge-large-en-v1.5,BAAI,0.3351,335.1M,"sentence-transformers, pytorch, onnx, safetensors, bert, feature-extraction, sentence-similarity, transformers, mteb, en, arxiv:2401.03462, arxiv:2312.15503, arxiv:2311.13534, arxiv:2310.07554, arxiv:2309.07597, license:mit, model-index, text-embeddings-inference, endpoints_compatible, deploy:azure, region:us",,https://huggingface.co/BAAI/bge-large-en-v1.5,v1.5
paddleocr_vl,,Ultra-Light (Mobile/IoT),1.79 GB,19726,PaddlePaddle/PaddleOCR-VL,1411,PaddlePaddle/PaddleOCR-VL,PaddlePaddle,0.9586,958.6M,"PaddleOCR, safetensors, paddleocr_vl, ERNIE4.5, PaddlePaddle, image-to-text, ocr, document-parse, layout, table, formula, chart, image-text-to-text, conversational, custom_code, en, zh, multilingual, arxiv:2510.14528, base_model:baidu/ERNIE-4.5-0.3B-Paddle, base_model:finetune:baidu/ERNIE-4.5-0.3B-Paddle, license:apache-2.0, region:us",,https://huggingface.co/PaddlePaddle/PaddleOCR-VL,ERNIE4.5
ti2v,,Portable (Laptop/Desktop),31.83 GB,3665,Wan-AI/Wan2.2-TI2V-5B,458,Wan-AI/Wan2.2-TI2V-5B,Wan-AI,5.0,5B,"wan2.2, diffusers, safetensors, ti2v, text-to-video, en, zh, arxiv:2503.20314, license:apache-2.0, region:us",,https://huggingface.co/Wan-AI/Wan2.2-TI2V-5B,2.2
qwen3,,Ultra-Light (Mobile/IoT),1.4 GB,7926979,Qwen/Qwen3-0.6B,889,Qwen/Qwen3-0.6B,Qwen,0.7516,751.6M,"transformers, safetensors, qwen3, text-generation, conversational, arxiv:2505.09388, base_model:Qwen/Qwen3-0.6B-Base, base_model:finetune:Qwen/Qwen3-0.6B-Base, license:apache-2.0, text-generation-inference, endpoints_compatible, deploy:azure, region:us",,https://huggingface.co/Qwen/Qwen3-0.6B,0.6
qwen3,,Portable (Laptop/Desktop),15.26 GB,4442062,Qwen/Qwen3-8B,814,Qwen/Qwen3-8B,Qwen,8.2,8.2B,"transformers, safetensors, qwen3, text-generation, conversational, arxiv:2309.00071, arxiv:2505.09388, base_model:Qwen/Qwen3-8B-Base, base_model:finetune:Qwen/Qwen3-8B-Base, license:apache-2.0, text-generation-inference, endpoints_compatible, deploy:azure, region:us",,https://huggingface.co/Qwen/Qwen3-8B,N/A
qwen3,,Ultra-Light (Mobile/IoT),1.11 GB,3972498,Qwen/Qwen3-Embedding-0.6B,788,Qwen/Qwen3-Embedding-0.6B,Qwen,0.5958,595.8M,"sentence-transformers, safetensors, qwen3, text-generation, transformers, sentence-similarity, feature-extraction, text-embeddings-inference, arxiv:2506.05176, base_model:Qwen/Qwen3-0.6B-Base, base_model:finetune:Qwen/Qwen3-0.6B-Base, license:apache-2.0, text-generation-inference, endpoints_compatible, region:us, deploy:azure",,https://huggingface.co/Qwen/Qwen3-Embedding-0.6B,0.6
bert,,Ultra-Light (Mobile/IoT),0.17 GB,151895107,sentence-transformers/all-MiniLM-L6-v2,4238,sentence-transformers/all-MiniLM-L6-v2,sentence-transformers,0.022699999999999998,22.7M,"sentence-transformers, pytorch, tf, rust, onnx, safetensors, openvino, bert, feature-extraction, sentence-similarity, transformers, en, dataset:s2orc, dataset:flax-sentence-embeddings/stackexchange_xml, dataset:ms_marco, dataset:gooaq, dataset:yahoo_answers_topics, dataset:code_search_net, dataset:search_qa, dataset:eli5, dataset:snli, dataset:multi_nli, dataset:wikihow, dataset:natural_questions, dataset:trivia_qa, dataset:embedding-data/sentence-compression, dataset:embedding-data/flickr30k-captions, dataset:embedding-data/altlex, dataset:embedding-data/simple-wiki, dataset:embedding-data/QQP, dataset:embedding-data/SPECTER, dataset:embedding-data/PAQ_pairs, dataset:embedding-data/WikiAnswers, arxiv:1904.06472, arxiv:2102.07033, arxiv:2104.08727, arxiv:1704.05179, arxiv:1810.09305, license:apache-2.0, text-embeddings-inference, endpoints_compatible, deploy:azure, region:us",,https://huggingface.co/sentence-transformers/all-MiniLM-L6-v2,v2
mpnet,,Ultra-Light (Mobile/IoT),0.82 GB,25716229,sentence-transformers/all-mpnet-base-v2,1207,sentence-transformers/all-mpnet-base-v2,sentence-transformers,0.1095,109.5M,"sentence-transformers, pytorch, onnx, safetensors, openvino, mpnet, fill-mask, feature-extraction, sentence-similarity, transformers, text-embeddings-inference, en, dataset:s2orc, dataset:flax-sentence-embeddings/stackexchange_xml, dataset:ms_marco, dataset:gooaq, dataset:yahoo_answers_topics, dataset:code_search_net, dataset:search_qa, dataset:eli5, dataset:snli, dataset:multi_nli, dataset:wikihow, dataset:natural_questions, dataset:trivia_qa, dataset:embedding-data/sentence-compression, dataset:embedding-data/flickr30k-captions, dataset:embedding-data/altlex, dataset:embedding-data/simple-wiki, dataset:embedding-data/QQP, dataset:embedding-data/SPECTER, dataset:embedding-data/PAQ_pairs, dataset:embedding-data/WikiAnswers, arxiv:1904.06472, arxiv:2102.07033, arxiv:2104.08727, arxiv:1704.05179, arxiv:1810.09305, license:apache-2.0, autotrain_compatible, endpoints_compatible, region:us, deploy:azure",,https://huggingface.co/sentence-transformers/all-mpnet-base-v2,v2
bert,,Ultra-Light (Mobile/IoT),0.88 GB,22572192,sentence-transformers/paraphrase-multilingual-MiniLM-L12-v2,1078,sentence-transformers/paraphrase-multilingual-MiniLM-L12-v2,sentence-transformers,0.1177,117.7M,"sentence-transformers, pytorch, tf, onnx, safetensors, openvino, bert, feature-extraction, sentence-similarity, transformers, multilingual, ar, bg, ca, cs, da, de, el, en, es, et, fa, fi, fr, gl, gu, he, hi, hr, hu, hy, id, it, ja, ka, ko, ku, lt, lv, mk, mn, mr, ms, my, nb, nl, pl, pt, ro, ru, sk, sl, sq, sr, sv, th, tr, uk, ur, vi, arxiv:1908.10084, license:apache-2.0, autotrain_compatible, text-embeddings-inference, endpoints_compatible, region:us",,https://huggingface.co/sentence-transformers/paraphrase-multilingual-MiniLM-L12-v2,v2
qwen2_vl,,Portable (Laptop/Desktop),15.44 GB,6697,allenai/olmOCR-7B-0225-preview,705,allenai/olmOCR-7B-0225-preview,allenai,8.3,8.3B,"transformers, safetensors, qwen2_vl, image-to-text, en, dataset:allenai/olmOCR-mix-0225, base_model:Qwen/Qwen2-VL-7B-Instruct, base_model:finetune:Qwen/Qwen2-VL-7B-Instruct, license:apache-2.0, text-generation-inference, endpoints_compatible, region:us",,https://huggingface.co/allenai/olmOCR-7B-0225-preview,license:apache-2.0
hf_olmo,,Portable (Laptop/Desktop),51.32 GB,2286,allenai/OLMo-7B,650,allenai/OLMo-7B,allenai,6.9,6.9B,"transformers, pytorch, safetensors, hf_olmo, text-generation, custom_code, en, dataset:allenai/dolma, arxiv:2402.00838, arxiv:2302.13971, license:apache-2.0, region:us",,https://huggingface.co/allenai/OLMo-7B,N/A
molmo,,Portable (Laptop/Desktop),29.88 GB,38053,allenai/Molmo-7B-D-0924,558,allenai/Molmo-7B-D-0924,allenai,8.0,8.0B,"transformers, safetensors, molmo, text-generation, multimodal, olmo, pixmo, image-text-to-text, conversational, custom_code, en, arxiv:2409.17146, base_model:Qwen/Qwen2-7B, base_model:finetune:Qwen/Qwen2-7B, license:apache-2.0, region:us",,https://huggingface.co/allenai/Molmo-7B-D-0924,N/A
deberta-v2,,Ultra-Light (Mobile/IoT),0.81 GB,424036,OpenMed/OpenMed-NER-PharmaDetect-SuperClinical-434M,19,OpenMed/OpenMed-NER-PharmaDetect-SuperClinical-434M,OpenMed,0.434,434.0M,"transformers, safetensors, deberta-v2, token-classification, named-entity-recognition, biomedical-nlp, chemical-entity-recognition, drug-discovery, pharmacology, biocuration, chem, en, arxiv:2508.01630, license:apache-2.0, endpoints_compatible, region:us",,https://huggingface.co/OpenMed/OpenMed-NER-PharmaDetect-SuperClinical-434M,arxiv:2508.01630
llama,,Edge-Efficient (Phone/Tablet),7.33 GB,3584,Nanbeige/Nanbeige4-3B-Thinking-2511,110,Nanbeige/Nanbeige4-3B-Thinking-2511,Nanbeige,3.9,3.9B,"transformers, safetensors, llama, text-generation, llm, nanbeige, conversational, en, zh, arxiv:2512.06266, base_model:Nanbeige/Nanbeige4-3B-Base, base_model:finetune:Nanbeige/Nanbeige4-3B-Base, license:apache-2.0, text-generation-inference, endpoints_compatible, region:us",,https://huggingface.co/Nanbeige/Nanbeige4-3B-Thinking-2511,arxiv:2512.06266
qwen2_5_vl,,Portable (Laptop/Desktop),30.89 GB,282274,ByteDance-Seed/UI-TARS-1.5-7B,457,ByteDance-Seed/UI-TARS-1.5-7B,ByteDance-Seed,8.3,8.3B,"transformers, safetensors, qwen2_5_vl, image-to-text, multimodal, gui, image-text-to-text, conversational, en, arxiv:2501.12326, arxiv:2404.07972, arxiv:2409.08264, arxiv:2401.13919, arxiv:2504.01382, arxiv:2405.14573, arxiv:2410.23218, arxiv:2504.07981, license:apache-2.0, text-generation-inference, endpoints_compatible, region:us",,https://huggingface.co/ByteDance-Seed/UI-TARS-1.5-7B,1.5
minicpmv,,Portable (Laptop/Desktop),15.9 GB,63139,openbmb/MiniCPM-Llama3-V-2_5,1405,openbmb/MiniCPM-Llama3-V-2_5,openbmb,8.5,8.5B,"transformers, safetensors, minicpmv, feature-extraction, minicpm-v, vision, ocr, custom_code, image-text-to-text, conversational, multilingual, dataset:openbmb/RLAIF-V-Dataset, region:us",,https://huggingface.co/openbmb/MiniCPM-Llama3-V-2_5,N/A
minicpmo,,Portable (Laptop/Desktop),16.16 GB,107342,openbmb/MiniCPM-o-2_6,1273,openbmb/MiniCPM-o-2_6,openbmb,8.7,8.7B,"transformers, safetensors, minicpmo, feature-extraction, minicpm-o, omni, vision, ocr, multi-image, video, custom_code, audio, speech, voice cloning, live Streaming, realtime speech conversation, asr, tts, any-to-any, multilingual, dataset:openbmb/RLAIF-V-Dataset, arxiv:2405.17220, arxiv:2408.01800, license:apache-2.0, region:us",,https://huggingface.co/openbmb/MiniCPM-o-2_6,arxiv:2405.17220
minicpmv,,Portable (Laptop/Desktop),16.2 GB,55694,openbmb/MiniCPM-V-4_5,1024,openbmb/MiniCPM-V-4_5,openbmb,8.7,8.7B,"transformers, safetensors, minicpmv, feature-extraction, minicpm-v, vision, ocr, multi-image, video, custom_code, image-text-to-text, conversational, multilingual, dataset:openbmb/RLAIF-V-Dataset, arxiv:2509.18154, arxiv:2403.11703, license:apache-2.0, region:us",,https://huggingface.co/openbmb/MiniCPM-V-4_5,arxiv:2509.18154
minicpmv,,Portable (Laptop/Desktop),15.09 GB,90509,openbmb/MiniCPM-V-2_6,1016,openbmb/MiniCPM-V-2_6,openbmb,8.1,8.1B,"transformers, safetensors, minicpmv, feature-extraction, minicpm-v, vision, ocr, multi-image, video, custom_code, image-text-to-text, conversational, multilingual, dataset:openbmb/RLAIF-V-Dataset, arxiv:2408.01800, region:us",,https://huggingface.co/openbmb/MiniCPM-V-2_6,arxiv:2408.01800
Unknown,,Ultra-Light (Mobile/IoT),1.5 GB,2403,openbmb/VoxCPM-0.5B,777,openbmb/VoxCPM-0.5B,openbmb,0.5,0.5B,"voxcpm, pytorch, text-to-speech, speech, speech generation, voice cloning, en, zh, base_model:openbmb/MiniCPM4-0.5B, base_model:finetune:openbmb/MiniCPM4-0.5B, license:apache-2.0, region:us",,https://huggingface.co/openbmb/VoxCPM-0.5B,0.5
minicpmv,,Edge-Efficient (Phone/Tablet),6.4 GB,72237,openbmb/MiniCPM-V-2,482,openbmb/MiniCPM-V-2,openbmb,3.4,3.4B,"transformers, safetensors, minicpmv, feature-extraction, visual-question-answering, custom_code, en, zh, dataset:HaoyeZhang/RLHF-V-Dataset, dataset:Yirany/UniMM-Chat, dataset:HuggingFaceM4/VQAv2, dataset:liuhaotian/LLaVA-Instruct-150K, arxiv:2403.11703, arxiv:2308.12038, arxiv:2312.00849, arxiv:2408.01800, region:us",,https://huggingface.co/openbmb/MiniCPM-V-2,arxiv:2403.11703
minicpmv,,Portable (Laptop/Desktop),7.56 GB,68701,openbmb/MiniCPM-V-4,460,openbmb/MiniCPM-V-4,openbmb,4.1,4.1B,"transformers, safetensors, minicpmv, feature-extraction, minicpm-v, vision, ocr, multi-image, video, custom_code, image-text-to-text, conversational, multilingual, dataset:openbmb/RLAIF-V-Dataset, license:apache-2.0, region:us",,https://huggingface.co/openbmb/MiniCPM-V-4,license:apache-2.0
minicpm,,Portable (Laptop/Desktop),15.25 GB,28515,openbmb/MiniCPM4.1-8B,383,openbmb/MiniCPM4.1-8B,openbmb,8.2,8.2B,"transformers, safetensors, minicpm, text-generation, conversational, custom_code, zh, en, arxiv:2506.07900, arxiv:2509.24663, license:apache-2.0, region:us",,https://huggingface.co/openbmb/MiniCPM4.1-8B,4.1
minicpm,,Portable (Laptop/Desktop),15.25 GB,1675,openbmb/MiniCPM4-8B,280,openbmb/MiniCPM4-8B,openbmb,8.2,8.2B,"transformers, safetensors, minicpm, text-generation, conversational, custom_code, zh, en, arxiv:2506.07900, license:apache-2.0, region:us",,https://huggingface.co/openbmb/MiniCPM4-8B,N/A
qwen2_vl,,Edge-Efficient (Phone/Tablet),4.11 GB,3787,llamaindex/vdr-2b-multi-v1,122,llamaindex/vdr-2b-multi-v1,llamaindex,2.2,2.2B,"sentence-transformers, safetensors, qwen2_vl, image-to-text, transformers, Qwen2-VL, en, it, fr, de, es, dataset:llamaindex/vdr-multilingual-train, arxiv:2406.11251, base_model:MrLight/dse-qwen2-2b-mrl-v1, base_model:finetune:MrLight/dse-qwen2-2b-mrl-v1, license:apache-2.0, text-generation-inference, endpoints_compatible, region:us",,https://huggingface.co/llamaindex/vdr-2b-multi-v1,v1
m2_bert,,Edge-Efficient (Phone/Tablet),0.31 GB,371,togethercomputer/m2-bert-80M-2k-retrieval,15,togethercomputer/m2-bert-80M-2k-retrieval,togethercomputer,2.0,2B,"transformers, pytorch, m2_bert, text-classification, sentence-similarity, custom_code, en, arxiv:2310.12109, license:apache-2.0, region:us",,https://huggingface.co/togethercomputer/m2-bert-80M-2k-retrieval,arxiv:2310.12109
exaone,,Portable (Laptop/Desktop),29.13 GB,32303,LGAI-EXAONE/EXAONE-3.0-7.8B-Instruct,414,LGAI-EXAONE/EXAONE-3.0-7.8B-Instruct,LGAI-EXAONE,7.8,7.8B,"transformers, safetensors, exaone, text-generation, lg-ai, conversational, custom_code, en, ko, arxiv:2408.03541, license:other, region:us",,https://huggingface.co/LGAI-EXAONE/EXAONE-3.0-7.8B-Instruct,3.0
mistral,,Portable (Laptop/Desktop),26.98 GB,142637,HuggingFaceH4/zephyr-7b-beta,1816,HuggingFaceH4/zephyr-7b-beta,HuggingFaceH4,7.2,7.2B,"transformers, pytorch, safetensors, mistral, text-generation, generated_from_trainer, conversational, en, dataset:HuggingFaceH4/ultrachat_200k, dataset:HuggingFaceH4/ultrafeedback_binarized, arxiv:2305.18290, arxiv:2310.16944, arxiv:2305.14233, arxiv:2310.01377, base_model:mistralai/Mistral-7B-v0.1, base_model:finetune:mistralai/Mistral-7B-v0.1, license:mit, model-index, text-generation-inference, endpoints_compatible, deploy:azure, region:us",,https://huggingface.co/HuggingFaceH4/zephyr-7b-beta,arxiv:2305.18290
mistral,,Portable (Laptop/Desktop),26.98 GB,2740,HuggingFaceH4/zephyr-7b-alpha,1116,HuggingFaceH4/zephyr-7b-alpha,HuggingFaceH4,7.2,7.2B,"transformers, pytorch, safetensors, mistral, text-generation, generated_from_trainer, conversational, en, dataset:stingning/ultrachat, dataset:openbmb/UltraFeedback, arxiv:2305.18290, arxiv:2310.16944, arxiv:2305.14233, arxiv:2310.01377, base_model:mistralai/Mistral-7B-v0.1, base_model:finetune:mistralai/Mistral-7B-v0.1, license:mit, text-generation-inference, endpoints_compatible, region:us",,https://huggingface.co/HuggingFaceH4/zephyr-7b-alpha,N/A
lfm2,,Edge-Efficient (Phone/Tablet),2.18 GB,535839,LiquidAI/LFM2-1.2B,333,LiquidAI/LFM2-1.2B,LiquidAI,1.2,1.2B,"transformers, safetensors, lfm2, text-generation, liquid, edge, conversational, en, ar, zh, fr, de, ja, ko, es, arxiv:2511.23404, license:other, endpoints_compatible, region:us",,https://huggingface.co/LiquidAI/LFM2-1.2B,1.2
Unknown,,Edge-Efficient (Phone/Tablet),3.1 GB,2630,LiquidAI/LFM2-Audio-1.5B,319,LiquidAI/LFM2-Audio-1.5B,LiquidAI,1.5,1.5B,"liquid-audio, safetensors, liquid, lfm2, audio, lfm2-audio, speech-to-speech, audio-to-audio, en, arxiv:2511.23404, base_model:LiquidAI/LFM2-1.2B, base_model:finetune:LiquidAI/LFM2-1.2B, license:other, region:us",,https://huggingface.co/LiquidAI/LFM2-Audio-1.5B,1.5
lfm2_moe,,Portable (Laptop/Desktop),46.6 GB,14183,LiquidAI/LFM2-8B-A1B,272,LiquidAI/LFM2-8B-A1B,LiquidAI,8.3,8.3B,"transformers, safetensors, lfm2_moe, text-generation, liquid, lfm2, edge, moe, conversational, en, ar, zh, fr, de, ja, ko, es, arxiv:2511.23404, license:other, endpoints_compatible, region:us",,https://huggingface.co/LiquidAI/LFM2-8B-A1B,N/A
Unknown,,Ultra-Light (Mobile/IoT),2.13 GB,5318881,jinaai/jina-embeddings-v3,1111,jinaai/jina-embeddings-v3,jinaai,0.5722999999999999,572.3M,"transformers, pytorch, onnx, safetensors, feature-extraction, sentence-similarity, mteb, sentence-transformers, custom_code, multilingual, af, am, ar, as, az, be, bg, bn, br, bs, ca, cs, cy, da, de, el, en, eo, es, et, eu, fa, fi, fr, fy, ga, gd, gl, gu, ha, he, hi, hr, hu, hy, id, is, it, ja, jv, ka, kk, km, kn, ko, ku, ky, la, lo, lt, lv, mg, mk, ml, mn, mr, ms, my, ne, nl, no, om, or, pa, pl, ps, pt, ro, ru, sa, sd, si, sk, sl, so, sq, sr, su, sv, sw, ta, te, th, tl, tr, ug, uk, ur, uz, vi, xh, yi, zh, arxiv:2409.10173, license:cc-by-nc-4.0, model-index, region:eu",,https://huggingface.co/jinaai/jina-embeddings-v3,v3
qwen2,,Edge-Efficient (Phone/Tablet),2.88 GB,14554,jinaai/ReaderLM-v2,735,jinaai/ReaderLM-v2,jinaai,1.5,1.5B,"transformers, onnx, safetensors, qwen2, text-generation, conversational, multilingual, arxiv:2503.01151, license:cc-by-nc-4.0, text-generation-inference, deploy:azure, region:eu",,https://huggingface.co/jinaai/ReaderLM-v2,v2
bert,,Ultra-Light (Mobile/IoT),1.53 GB,146845,jinaai/jina-embeddings-v2-base-en,731,jinaai/jina-embeddings-v2-base-en,jinaai,0.1374,137.4M,"sentence-transformers, pytorch, coreml, onnx, safetensors, bert, feature-extraction, sentence-similarity, mteb, custom_code, en, dataset:allenai/c4, arxiv:2108.12409, arxiv:2310.19923, license:apache-2.0, model-index, text-embeddings-inference, region:us",,https://huggingface.co/jinaai/jina-embeddings-v2-base-en,v2
qwen2,,Edge-Efficient (Phone/Tablet),2.88 GB,392,jinaai/reader-lm-1.5b,607,jinaai/reader-lm-1.5b,jinaai,1.5,1.5B,"transformers, safetensors, qwen2, text-generation, conversational, multilingual, license:cc-by-nc-4.0, text-generation-inference, deploy:azure, region:eu",,https://huggingface.co/jinaai/reader-lm-1.5b,1.5
Unknown,,Ultra-Light (Mobile/IoT),1.04 GB,351716,jinaai/jina-reranker-v2-base-multilingual,331,jinaai/jina-reranker-v2-base-multilingual,jinaai,0.2784,278.4M,"transformers, pytorch, onnx, safetensors, text-classification, reranker, cross-encoder, transformers.js, sentence-transformers, text-ranking, custom_code, multilingual, license:cc-by-nc-4.0, autotrain_compatible, region:eu",,https://huggingface.co/jinaai/jina-reranker-v2-base-multilingual,v2
bert,,Ultra-Light (Mobile/IoT),0.6 GB,228319,jinaai/jina-embeddings-v2-base-zh,245,jinaai/jina-embeddings-v2-base-zh,jinaai,0.1608,160.8M,"sentence-transformers, pytorch, onnx, safetensors, bert, feature-extraction, sentence-similarity, mteb, transformers, transformers.js, custom_code, en, zh, arxiv:2108.12409, arxiv:2402.17016, license:apache-2.0, model-index, text-embeddings-inference, region:us",,https://huggingface.co/jinaai/jina-embeddings-v2-base-zh,v2
qwen2,,Portable (Laptop/Desktop),14.19 GB,343,open-r1/OlympicCoder-7B,181,open-r1/OlympicCoder-7B,open-r1,7.6,7.6B,"transformers, safetensors, qwen2, text-generation, conversational, en, dataset:open-r1/codeforces-cots, base_model:Qwen/Qwen2.5-Coder-7B-Instruct, base_model:finetune:Qwen/Qwen2.5-Coder-7B-Instruct, license:apache-2.0, text-generation-inference, endpoints_compatible, region:us",,https://huggingface.co/open-r1/OlympicCoder-7B,base_model:Qwen/Qwen2.5-Coder-7B-Instruct
cohere2,,Portable (Laptop/Desktop),14.95 GB,14528,CohereLabs/c4ai-command-r7b-12-2024,399,CohereLabs/c4ai-command-r7b-12-2024,CohereLabs,8.0,8.0B,"transformers, safetensors, cohere2, text-generation, conversational, en, fr, de, es, it, pt, ja, ko, zh, ar, el, fa, pl, id, cs, he, hi, nl, ro, ru, tr, uk, vi, arxiv:2504.00698, license:cc-by-nc-4.0, region:us",,https://huggingface.co/CohereLabs/c4ai-command-r7b-12-2024,N/A
aya_vision,,Portable (Laptop/Desktop),16.08 GB,55453,CohereLabs/aya-vision-8b,316,CohereLabs/aya-vision-8b,CohereLabs,8.6,8.6B,"transformers, safetensors, aya_vision, any-to-any, image-text-to-text, conversational, en, fr, de, es, it, pt, ja, ko, zh, ar, el, fa, pl, id, cs, he, hi, nl, ro, ru, tr, uk, vi, arxiv:2412.04261, license:cc-by-nc-4.0, region:us",,https://huggingface.co/CohereLabs/aya-vision-8b,N/A
mistral,,Portable (Laptop/Desktop),13.49 GB,2582,mistral-community/Mistral-7B-v0.2,228,mistral-community/Mistral-7B-v0.2,mistral-community,7.2,7.2B,"transformers, safetensors, mistral, text-generation, license:apache-2.0, text-generation-inference, endpoints_compatible, deploy:azure, region:us",,https://huggingface.co/mistral-community/Mistral-7B-v0.2,v0.2
mistral,,Portable (Laptop/Desktop),13.5 GB,583,mistral-community/Mistral-7B-Instruct-v0.3,3,mistral-community/Mistral-7B-Instruct-v0.3,mistral-community,7.2,7.2B,"transformers, safetensors, mistral, text-generation, conversational, license:apache-2.0, text-generation-inference, endpoints_compatible, deploy:azure, region:us",,https://huggingface.co/mistral-community/Mistral-7B-Instruct-v0.3,v0.3
whisper,,Edge-Efficient (Phone/Tablet),17.25 GB,5920966,openai/whisper-large-v3,5212,openai/whisper-large-v3,openai,1.5,1.5B,"transformers, pytorch, jax, safetensors, whisper, automatic-speech-recognition, audio, hf-asr-leaderboard, en, zh, de, es, ru, ko, fr, ja, pt, tr, pl, ca, nl, ar, sv, it, id, hi, fi, vi, he, uk, el, ms, cs, ro, da, hu, ta, no, th, ur, hr, bg, lt, la, mi, ml, cy, sk, te, fa, lv, bn, sr, az, sl, kn, et, mk, br, eu, is, hy, ne, mn, bs, kk, sq, sw, gl, mr, pa, si, km, sn, yo, so, af, oc, ka, be, tg, sd, gu, am, yi, lo, uz, fo, ht, ps, tk, nn, mt, sa, lb, my, bo, tl, mg, as, tt, haw, ln, ha, ba, jw, su, arxiv:2212.04356, license:apache-2.0, endpoints_compatible, deploy:azure, region:us",,https://huggingface.co/openai/whisper-large-v3,v3
whisper,,Ultra-Light (Mobile/IoT),1.51 GB,4335223,openai/whisper-large-v3-turbo,2728,openai/whisper-large-v3-turbo,openai,0.8089,808.9M,"transformers, safetensors, whisper, automatic-speech-recognition, audio, en, zh, de, es, ru, ko, fr, ja, pt, tr, pl, ca, nl, ar, sv, it, id, hi, fi, vi, he, uk, el, ms, cs, ro, da, hu, ta, no, th, ur, hr, bg, lt, la, mi, ml, cy, sk, te, fa, lv, bn, sr, az, sl, kn, et, mk, br, eu, is, hy, ne, mn, bs, kk, sq, sw, gl, mr, pa, si, km, sn, yo, so, af, oc, ka, be, tg, sd, gu, am, yi, lo, uz, fo, ht, ps, tk, nn, mt, sa, lb, my, bo, tl, mg, as, tt, haw, ln, ha, ba, jw, su, arxiv:2212.04356, base_model:openai/whisper-large-v3, base_model:finetune:openai/whisper-large-v3, license:mit, endpoints_compatible, region:us",,https://huggingface.co/openai/whisper-large-v3-turbo,v3
clip,,Ultra-Light (Mobile/IoT),3.19 GB,9134739,openai/clip-vit-large-patch14,1927,openai/clip-vit-large-patch14,openai,0.42760000000000004,427.6M,"transformers, pytorch, tf, jax, safetensors, clip, zero-shot-image-classification, vision, arxiv:2103.00020, arxiv:1908.04913, endpoints_compatible, region:us",,https://huggingface.co/openai/clip-vit-large-patch14,N/A
whisper,,Edge-Efficient (Phone/Tablet),11.5 GB,63796,openai/whisper-large-v2,1777,openai/whisper-large-v2,openai,1.5,1.5B,"transformers, pytorch, tf, jax, safetensors, whisper, automatic-speech-recognition, audio, hf-asr-leaderboard, en, zh, de, es, ru, ko, fr, ja, pt, tr, pl, ca, nl, ar, sv, it, id, hi, fi, vi, he, uk, el, ms, cs, ro, da, hu, ta, no, th, ur, hr, bg, lt, la, mi, ml, cy, sk, te, fa, lv, bn, sr, az, sl, kn, et, mk, br, eu, is, hy, ne, mn, bs, kk, sq, sw, gl, mr, pa, si, km, sn, yo, so, af, oc, ka, be, tg, sd, gu, am, yi, lo, uz, fo, ht, ps, tk, nn, mt, sa, lb, my, bo, tl, mg, as, tt, haw, ln, ha, ba, jw, su, arxiv:2212.04356, license:apache-2.0, endpoints_compatible, deploy:azure, region:us",,https://huggingface.co/openai/whisper-large-v2,v2
Unknown,,Edge-Efficient (Phone/Tablet),3.75 GB,2281,stabilityai/stable-fast-3d,716,stabilityai/stable-fast-3d,stabilityai,1.0,1.0B,"safetensors, image-to-3d, dataset:allenai/objaverse, arxiv:2408.00653, license:other, region:us",,https://huggingface.co/stabilityai/stable-fast-3d,N/A
stablelm,,Edge-Efficient (Phone/Tablet),14.41 GB,5259,stabilityai/stable-code-3b,658,stabilityai/stable-code-3b,stabilityai,2.8,2.8B,"transformers, safetensors, gguf, stablelm, text-generation, causal-lm, code, en, dataset:tiiuae/falcon-refinedweb, dataset:bigcode/the-stack-github-issues, dataset:bigcode/commitpackft, dataset:bigcode/starcoderdata, dataset:EleutherAI/proof-pile-2, dataset:meta-math/MetaMathQA, arxiv:2307.09288, arxiv:2104.09864, arxiv:2204.06745, arxiv:2305.06161, arxiv:2310.10631, arxiv:2309.12284, arxiv:1910.02054, license:other, model-index, endpoints_compatible, region:us",,https://huggingface.co/stabilityai/stable-code-3b,N/A
stablelm,,Edge-Efficient (Phone/Tablet),5.21 GB,18931,stabilityai/stablelm-3b-4e1t,312,stabilityai/stablelm-3b-4e1t,stabilityai,2.8,2.8B,"transformers, safetensors, stablelm, text-generation, causal-lm, en, dataset:tiiuae/falcon-refinedweb, dataset:togethercomputer/RedPajama-Data-1T, dataset:CarperAI/pilev2-dev, dataset:bigcode/starcoderdata, dataset:allenai/peS2o, arxiv:2307.09288, arxiv:2104.09864, arxiv:2204.06745, arxiv:1607.06450, arxiv:1910.07467, arxiv:2101.00027, arxiv:2305.06161, arxiv:1910.02054, license:cc-by-sa-4.0, model-index, endpoints_compatible, region:us",,https://huggingface.co/stabilityai/stablelm-3b-4e1t,N/A
smollm3,,Edge-Efficient (Phone/Tablet),5.73 GB,96174,HuggingFaceTB/SmolLM3-3B,842,HuggingFaceTB/SmolLM3-3B,HuggingFaceTB,3.1,3.1B,"transformers, safetensors, smollm3, text-generation, conversational, en, fr, es, it, pt, zh, ar, ru, base_model:HuggingFaceTB/SmolLM3-3B-Base, base_model:finetune:HuggingFaceTB/SmolLM3-3B-Base, license:apache-2.0, endpoints_compatible, deploy:azure, region:us",,https://huggingface.co/HuggingFaceTB/SmolLM3-3B,license:apache-2.0
llama,,Edge-Efficient (Phone/Tablet),3.19 GB,40199,HuggingFaceTB/SmolLM2-1.7B-Instruct,690,HuggingFaceTB/SmolLM2-1.7B-Instruct,HuggingFaceTB,1.7,1.7B,"transformers, tensorboard, onnx, safetensors, llama, text-generation, transformers.js, conversational, en, arxiv:2502.02737, base_model:HuggingFaceTB/SmolLM2-1.7B, base_model:quantized:HuggingFaceTB/SmolLM2-1.7B, license:apache-2.0, text-generation-inference, endpoints_compatible, region:us",,https://huggingface.co/HuggingFaceTB/SmolLM2-1.7B-Instruct,1.7
idefics3,,Ultra-Light (Mobile/IoT),0.48 GB,403875,HuggingFaceTB/SmolVLM-256M-Instruct,312,HuggingFaceTB/SmolVLM-256M-Instruct,HuggingFaceTB,0.2565,256.5M,"transformers, onnx, safetensors, idefics3, image-to-text, image-text-to-text, conversational, en, dataset:HuggingFaceM4/the_cauldron, dataset:HuggingFaceM4/Docmatix, arxiv:2504.05299, base_model:HuggingFaceTB/SmolLM2-135M-Instruct, base_model:quantized:HuggingFaceTB/SmolLM2-135M-Instruct, license:apache-2.0, endpoints_compatible, region:us",,https://huggingface.co/HuggingFaceTB/SmolVLM-256M-Instruct,N/A
smolvlm,,Edge-Efficient (Phone/Tablet),8.37 GB,137212,HuggingFaceTB/SmolVLM2-2.2B-Instruct,291,HuggingFaceTB/SmolVLM2-2.2B-Instruct,HuggingFaceTB,2.2,2.2B,"transformers, safetensors, smolvlm, any-to-any, video-text-to-text, image-text-to-text, conversational, en, dataset:HuggingFaceM4/the_cauldron, dataset:HuggingFaceM4/Docmatix, dataset:lmms-lab/LLaVA-OneVision-Data, dataset:lmms-lab/M4-Instruct-Data, dataset:HuggingFaceFV/finevideo, dataset:MAmmoTH-VL/MAmmoTH-VL-Instruct-12M, dataset:lmms-lab/LLaVA-Video-178K, dataset:orrzohar/Video-STaR, dataset:Mutonix/Vript, dataset:TIGER-Lab/VISTA-400K, dataset:Enxin/MovieChat-1K_train, dataset:ShareGPT4Video/ShareGPT4Video, arxiv:2504.05299, base_model:HuggingFaceTB/SmolVLM-Instruct, base_model:finetune:HuggingFaceTB/SmolVLM-Instruct, license:apache-2.0, endpoints_compatible, region:us",,https://huggingface.co/HuggingFaceTB/SmolVLM2-2.2B-Instruct,2.2
llama,,Ultra-Light (Mobile/IoT),0.25 GB,304563,HuggingFaceTB/SmolLM2-135M-Instruct,272,HuggingFaceTB/SmolLM2-135M-Instruct,HuggingFaceTB,0.1345,134.5M,"transformers, tensorboard, onnx, safetensors, llama, text-generation, transformers.js, conversational, en, arxiv:2502.02737, base_model:HuggingFaceTB/SmolLM2-135M, base_model:quantized:HuggingFaceTB/SmolLM2-135M, license:apache-2.0, text-generation-inference, endpoints_compatible, region:us",,https://huggingface.co/HuggingFaceTB/SmolLM2-135M-Instruct,N/A
llama,,Ultra-Light (Mobile/IoT),0.5 GB,394236,HuggingFaceTB/SmolLM-135M,238,HuggingFaceTB/SmolLM-135M,HuggingFaceTB,0.1345,134.5M,"transformers, onnx, safetensors, llama, text-generation, en, dataset:HuggingFaceTB/smollm-corpus, license:apache-2.0, text-generation-inference, endpoints_compatible, deploy:azure, region:us",,https://huggingface.co/HuggingFaceTB/SmolLM-135M,N/A
llama,,Edge-Efficient (Phone/Tablet),2.3 GB,2840778,meta-llama/Llama-3.2-1B,2225,meta-llama/Llama-3.2-1B,meta-llama,1.2,1.2B,"transformers, safetensors, llama, text-generation, facebook, meta, pytorch, llama-3, en, de, fr, it, pt, hi, es, th, arxiv:2204.05149, arxiv:2405.16406, license:llama3.2, autotrain_compatible, text-generation-inference, endpoints_compatible, region:us",,https://huggingface.co/meta-llama/Llama-3.2-1B,3.2
llama,,Edge-Efficient (Phone/Tablet),5.98 GB,1620098,meta-llama/Llama-3.2-3B-Instruct,1877,meta-llama/Llama-3.2-3B-Instruct,meta-llama,3.2,3.2B,"transformers, safetensors, llama, text-generation, facebook, meta, pytorch, llama-3, conversational, en, de, fr, it, pt, hi, es, th, arxiv:2204.05149, arxiv:2405.16406, license:llama3.2, autotrain_compatible, text-generation-inference, endpoints_compatible, region:us",,https://huggingface.co/meta-llama/Llama-3.2-3B-Instruct,3.2
llama,,Edge-Efficient (Phone/Tablet),2.3 GB,3556892,meta-llama/Llama-3.2-1B-Instruct,1210,meta-llama/Llama-3.2-1B-Instruct,meta-llama,1.2,1.2B,"transformers, safetensors, llama, text-generation, facebook, meta, pytorch, llama-3, conversational, en, de, fr, it, pt, hi, es, th, arxiv:2204.05149, arxiv:2405.16406, license:llama3.2, autotrain_compatible, text-generation-inference, endpoints_compatible, region:us",,https://huggingface.co/meta-llama/Llama-3.2-1B-Instruct,3.2
llama,,Edge-Efficient (Phone/Tablet),5.98 GB,329878,meta-llama/Llama-3.2-3B,675,meta-llama/Llama-3.2-3B,meta-llama,3.2,3.2B,"transformers, safetensors, llama, text-generation, facebook, meta, pytorch, llama-3, en, de, fr, it, pt, hi, es, th, arxiv:2204.05149, arxiv:2405.16406, license:llama3.2, autotrain_compatible, text-generation-inference, endpoints_compatible, region:us",,https://huggingface.co/meta-llama/Llama-3.2-3B,3.2
phi,,Edge-Efficient (Phone/Tablet),5.18 GB,1150555,microsoft/phi-2,3412,microsoft/phi-2,microsoft,2.8,2.8B,"transformers, safetensors, phi, text-generation, nlp, code, en, license:mit, text-generation-inference, endpoints_compatible, deploy:azure, region:us",,https://huggingface.co/microsoft/phi-2,N/A
vibevoice,,Edge-Efficient (Phone/Tablet),5.04 GB,600844,microsoft/VibeVoice-1.5B,2099,microsoft/VibeVoice-1.5B,microsoft,2.7,2.7B,"transformers, safetensors, vibevoice, text-generation, Podcast, text-to-speech, en, zh, arxiv:2508.19205, arxiv:2412.08635, license:mit, endpoints_compatible, region:us",,https://huggingface.co/microsoft/VibeVoice-1.5B,1.5
florence2,,Ultra-Light (Mobile/IoT),2.9 GB,873797,microsoft/Florence-2-large,1721,microsoft/Florence-2-large,microsoft,0.7767000000000001,776.7M,"transformers, pytorch, safetensors, florence2, any-to-any, vision, image-text-to-text, custom_code, arxiv:2311.06242, license:mit, endpoints_compatible, region:us",,https://huggingface.co/microsoft/Florence-2-large,arxiv:2311.06242
phi3,,Edge-Efficient (Phone/Tablet),7.12 GB,169407,microsoft/Phi-3-mini-128k-instruct,1685,microsoft/Phi-3-mini-128k-instruct,microsoft,3.8,3.8B,"transformers, safetensors, phi3, text-generation, nlp, code, conversational, custom_code, en, license:mit, text-generation-inference, endpoints_compatible, region:us",,https://huggingface.co/microsoft/Phi-3-mini-128k-instruct,N/A
phi4mm,,Portable (Laptop/Desktop),10.38 GB,349765,microsoft/Phi-4-multimodal-instruct,1549,microsoft/Phi-4-multimodal-instruct,microsoft,5.6,5.6B,"transformers, safetensors, phi4mm, text-generation, nlp, code, audio, automatic-speech-recognition, speech-summarization, speech-translation, visual-question-answering, phi-4-multimodal, phi, phi-4-mini, custom_code, multilingual, ar, zh, cs, da, nl, en, fi, fr, de, he, hu, it, ja, ko, no, pl, pt, ru, es, sv, th, tr, uk, arxiv:2503.01743, arxiv:2407.13833, license:mit, region:us",,https://huggingface.co/microsoft/Phi-4-multimodal-instruct,arxiv:2503.01743
phi,,Edge-Efficient (Phone/Tablet),2.64 GB,49100,microsoft/phi-1_5,1352,microsoft/phi-1_5,microsoft,1.4,1.4B,"transformers, safetensors, phi, text-generation, nlp, code, en, arxiv:2309.05463, license:mit, text-generation-inference, endpoints_compatible, deploy:azure, region:us",,https://huggingface.co/microsoft/phi-1_5,N/A
phi3,,Edge-Efficient (Phone/Tablet),7.12 GB,2062724,microsoft/Phi-3-mini-4k-instruct,1351,microsoft/Phi-3-mini-4k-instruct,microsoft,3.8,3.8B,"transformers, safetensors, phi3, text-generation, nlp, code, conversational, custom_code, en, fr, license:mit, text-generation-inference, endpoints_compatible, region:us",,https://huggingface.co/microsoft/Phi-3-mini-4k-instruct,N/A
bitnet,,Ultra-Light (Mobile/IoT),1.1 GB,8534,microsoft/bitnet-b1.58-2B-4T,1229,microsoft/bitnet-b1.58-2B-4T,microsoft,0.8498,849.8M,"transformers, safetensors, bitnet, text-generation, chat, large-language-model, conversational, custom_code, en, arxiv:2504.12285, license:mit, endpoints_compatible, 8-bit, deploy:azure, region:us",,https://huggingface.co/microsoft/bitnet-b1.58-2B-4T,1.58
phi3_v,,Portable (Laptop/Desktop),7.72 GB,16427,microsoft/Phi-3-vision-128k-instruct,969,microsoft/Phi-3-vision-128k-instruct,microsoft,4.1,4.1B,"transformers, safetensors, phi3_v, text-generation, nlp, code, vision, conversational, custom_code, multilingual, license:mit, region:us",,https://huggingface.co/microsoft/Phi-3-vision-128k-instruct,N/A
vibevoice_streaming,,Edge-Efficient (Phone/Tablet),1.9 GB,193691,microsoft/VibeVoice-Realtime-0.5B,944,microsoft/VibeVoice-Realtime-0.5B,microsoft,1.0,1.0B,"transformers, safetensors, vibevoice_streaming, Realtime TTS, Streaming text input, Long-form speech generation, text-to-speech, en, arxiv:2508.19205, arxiv:2412.08635, base_model:Qwen/Qwen2.5-0.5B, base_model:finetune:Qwen/Qwen2.5-0.5B, license:mit, endpoints_compatible, region:us",,https://huggingface.co/microsoft/VibeVoice-Realtime-0.5B,0.5
phi3,,Edge-Efficient (Phone/Tablet),7.12 GB,352398,microsoft/Phi-3.5-mini-instruct,938,microsoft/Phi-3.5-mini-instruct,microsoft,3.8,3.8B,"transformers, safetensors, phi3, text-generation, nlp, code, conversational, custom_code, multilingual, arxiv:2404.14219, arxiv:2407.13833, arxiv:2403.06412, license:mit, text-generation-inference, endpoints_compatible, region:us",,https://huggingface.co/microsoft/Phi-3.5-mini-instruct,3.5
phi3_v,,Portable (Laptop/Desktop),7.72 GB,495748,microsoft/Phi-3.5-vision-instruct,720,microsoft/Phi-3.5-vision-instruct,microsoft,4.1,4.1B,"transformers, safetensors, phi3_v, text-generation, nlp, code, vision, image-text-to-text, conversational, custom_code, multilingual, arxiv:2404.14219, license:mit, region:us",,https://huggingface.co/microsoft/Phi-3.5-vision-instruct,3.5
phi3,,Edge-Efficient (Phone/Tablet),7.15 GB,307129,microsoft/Phi-4-mini-instruct,646,microsoft/Phi-4-mini-instruct,microsoft,3.8,3.8B,"transformers, safetensors, phi3, text-generation, nlp, code, conversational, custom_code, multilingual, ar, zh, cs, da, nl, en, fi, fr, de, he, hu, it, ja, ko, no, pl, pt, ru, es, sv, th, tr, uk, arxiv:2503.01743, license:mit, text-generation-inference, endpoints_compatible, region:us",,https://huggingface.co/microsoft/Phi-4-mini-instruct,N/A
layoutlmv3,,Ultra-Light (Mobile/IoT),1.4 GB,423582,microsoft/layoutlmv3-base,465,microsoft/layoutlmv3-base,microsoft,0.1253,125.3M,"transformers, pytorch, tf, onnx, safetensors, layoutlmv3, en, arxiv:2204.08387, license:cc-by-nc-sa-4.0, endpoints_compatible, region:us",,https://huggingface.co/microsoft/layoutlmv3-base,v3
qwen2_5_vl,,Portable (Laptop/Desktop),15.45 GB,147439,microsoft/Fara-7B,443,microsoft/Fara-7B,microsoft,8.3,8.3B,"transformers, safetensors, qwen2_5_vl, image-to-text, multimodal, image-text-to-text, conversational, en, arxiv:2511.19663, license:mit, text-generation-inference, endpoints_compatible, region:us",,https://huggingface.co/microsoft/Fara-7B,N/A
magma,,Portable (Laptop/Desktop),16.58 GB,2101,microsoft/Magma-8B,411,microsoft/Magma-8B,microsoft,8.9,8.9B,"transformers, safetensors, magma, text-generation, robotics, custom_code, arxiv:2502.13130, arxiv:2310.11441, license:mit, deploy:azure, region:us",,https://huggingface.co/microsoft/Magma-8B,N/A
openlm,,Portable (Laptop/Desktop),25.67 GB,203,apple/DCLM-7B,832,apple/DCLM-7B,apple,6.9,6.9B,"transformers, safetensors, openlm, arxiv:2406.11794, license:apple-ascl, endpoints_compatible, region:us",,https://huggingface.co/apple/DCLM-7B,N/A
llava_qwen2,,Ultra-Light (Mobile/IoT),1.41 GB,8919,apple/FastVLM-0.5B,357,apple/FastVLM-0.5B,apple,0.7587999999999999,758.8M,"ml-fastvlm, safetensors, llava_qwen2, text-generation, transformers, conversational, custom_code, arxiv:2412.13303, license:apple-amlr, region:us",,https://huggingface.co/apple/FastVLM-0.5B,0.5
openelm,,Edge-Efficient (Phone/Tablet),5.66 GB,1574,apple/OpenELM-3B-Instruct,339,apple/OpenELM-3B-Instruct,apple,3.0,3.0B,"transformers, safetensors, openelm, text-generation, custom_code, arxiv:2404.14619, license:apple-amlr, region:us",,https://huggingface.co/apple/OpenELM-3B-Instruct,N/A
Dream,,Portable (Laptop/Desktop),14.19 GB,674,apple/DiffuCoder-7B-cpGRPO,316,apple/DiffuCoder-7B-cpGRPO,apple,7.6,7.6B,"safetensors, Dream, code, text-diffusion-model, diffusion large language model, custom_code, arxiv:2506.20639, base_model:apple/DiffuCoder-7B-Instruct, base_model:finetune:apple/DiffuCoder-7B-Instruct, license:apple-amlr, region:us",,https://huggingface.co/apple/DiffuCoder-7B-cpGRPO,N/A
llava_qwen2,,Portable (Laptop/Desktop),14.46 GB,889,apple/FastVLM-7B,262,apple/FastVLM-7B,apple,7.8,7.8B,"ml-fastvlm, safetensors, llava_qwen2, text-generation, transformers, conversational, custom_code, arxiv:2412.13303, license:apple-amlr, region:us",,https://huggingface.co/apple/FastVLM-7B,N/A
llava_qwen2,,Edge-Efficient (Phone/Tablet),3.56 GB,2731,apple/FastVLM-1.5B,71,apple/FastVLM-1.5B,apple,1.9,1.9B,"ml-fastvlm, safetensors, llava_qwen2, text-generation, transformers, conversational, custom_code, arxiv:2412.13303, license:apple-amlr, region:us",,https://huggingface.co/apple/FastVLM-1.5B,1.5
chatglm,,Portable (Laptop/Desktop),23.26 GB,67249,zai-org/chatglm3-6b,1156,zai-org/chatglm3-6b,zai-org,6.2,6.2B,"transformers, pytorch, safetensors, chatglm, glm, thudm, custom_code, zh, en, arxiv:2103.10360, arxiv:2210.02414, arxiv:2406.12793, endpoints_compatible, region:us",,https://huggingface.co/zai-org/chatglm3-6b,N/A
hunyuan_v1_dense,,Portable (Laptop/Desktop),14.96 GB,12237,tencent/Hunyuan-MT-7B,708,tencent/Hunyuan-MT-7B,tencent,8.0,8.0B,"transformers, safetensors, hunyuan_v1_dense, text-generation, translation, zh, en, fr, pt, es, ja, tr, ru, ar, ko, th, it, de, vi, ms, id, tl, hi, pl, cs, nl, km, my, fa, gu, ur, te, mr, he, bn, ta, uk, bo, kk, mn, ug, arxiv:2509.05209, endpoints_compatible, region:us",,https://huggingface.co/tencent/Hunyuan-MT-7B,N/A
hunyuan_v1_dense,,Edge-Efficient (Phone/Tablet),3.34 GB,771,tencent/Hunyuan-1.8B-Instruct,597,tencent/Hunyuan-1.8B-Instruct,tencent,1.8,1.8B,"transformers, safetensors, hunyuan_v1_dense, text-generation, conversational, endpoints_compatible, region:us",,https://huggingface.co/tencent/Hunyuan-1.8B-Instruct,1.8
gemma,,Portable (Laptop/Desktop),47.72 GB,56300,google/gemma-7b,3245,google/gemma-7b,google,8.5,8.5B,"transformers, safetensors, gguf, gemma, text-generation, arxiv:2305.14314, arxiv:2312.11805, arxiv:2009.03300, arxiv:1905.07830, arxiv:1911.11641, arxiv:1904.09728, arxiv:1905.10044, arxiv:1907.10641, arxiv:1811.00937, arxiv:1809.02789, arxiv:1911.01547, arxiv:1705.03551, arxiv:2107.03374, arxiv:2108.07732, arxiv:2110.14168, arxiv:2304.06364, arxiv:2206.04615, arxiv:1804.06876, arxiv:2110.08193, arxiv:2009.11462, arxiv:2101.11718, arxiv:1804.09301, arxiv:2109.07958, arxiv:2203.09509, license:gemma, text-generation-inference, endpoints_compatible, region:us",,https://huggingface.co/google/gemma-7b,arxiv:2305.14314
gemma3_text,,Ultra-Light (Mobile/IoT),1.13 GB,1112022,google/embeddinggemma-300m,1337,google/embeddinggemma-300m,google,0.3029,302.9M,"sentence-transformers, safetensors, gemma3_text, sentence-similarity, feature-extraction, text-embeddings-inference, arxiv:2509.20354, license:gemma, endpoints_compatible, region:us",,https://huggingface.co/google/embeddinggemma-300m,arxiv:2509.20354
gemma,,Portable (Laptop/Desktop),47.72 GB,127751,google/gemma-7b-it,1223,google/gemma-7b-it,google,8.5,8.5B,"transformers, safetensors, gguf, gemma, text-generation, conversational, arxiv:2312.11805, arxiv:2009.03300, arxiv:1905.07830, arxiv:1911.11641, arxiv:1904.09728, arxiv:1905.10044, arxiv:1907.10641, arxiv:1811.00937, arxiv:1809.02789, arxiv:1911.01547, arxiv:1705.03551, arxiv:2107.03374, arxiv:2108.07732, arxiv:2110.14168, arxiv:2304.06364, arxiv:2206.04615, arxiv:1804.06876, arxiv:2110.08193, arxiv:2009.11462, arxiv:2101.11718, arxiv:1804.09301, arxiv:2109.07958, arxiv:2203.09509, base_model:google/gemma-7b, base_model:finetune:google/gemma-7b, license:gemma, text-generation-inference, endpoints_compatible, region:us",,https://huggingface.co/google/gemma-7b-it,N/A
gemma3,,Portable (Laptop/Desktop),8.01 GB,941883,google/gemma-3-4b-it,1048,google/gemma-3-4b-it,google,4.3,4.3B,"transformers, safetensors, gemma3, any-to-any, image-text-to-text, conversational, arxiv:1905.07830, arxiv:1905.10044, arxiv:1911.11641, arxiv:1904.09728, arxiv:1705.03551, arxiv:1911.01547, arxiv:1907.10641, arxiv:1903.00161, arxiv:2009.03300, arxiv:2304.06364, arxiv:2103.03874, arxiv:2110.14168, arxiv:2311.12022, arxiv:2108.07732, arxiv:2107.03374, arxiv:2210.03057, arxiv:2106.03193, arxiv:1910.11856, arxiv:2502.12404, arxiv:2502.21228, arxiv:2404.16816, arxiv:2104.12756, arxiv:2311.16502, arxiv:2203.10244, arxiv:2404.12390, arxiv:1810.12440, arxiv:1908.02660, arxiv:2312.11805, base_model:google/gemma-3-4b-pt, base_model:finetune:google/gemma-3-4b-pt, license:gemma, text-generation-inference, endpoints_compatible, region:us",,https://huggingface.co/google/gemma-3-4b-it,N/A
t5,,Ultra-Light (Mobile/IoT),1.85 GB,912546,google/flan-t5-base,1029,google/flan-t5-base,google,0.2476,247.6M,"transformers, pytorch, tf, jax, safetensors, t5, text2text-generation, en, fr, ro, de, multilingual, dataset:svakulenk0/qrecc, dataset:taskmaster2, dataset:djaym7/wiki_dialog, dataset:deepmind/code_contests, dataset:lambada, dataset:gsm8k, dataset:aqua_rat, dataset:esnli, dataset:quasc, dataset:qed, arxiv:2210.11416, arxiv:1910.09700, license:apache-2.0, text-generation-inference, endpoints_compatible, deploy:azure, region:us",,https://huggingface.co/google/flan-t5-base,N/A
gemma3_text,,Ultra-Light (Mobile/IoT),0.5 GB,60877,google/gemma-3-270m,931,google/gemma-3-270m,google,0.2681,268.1M,"transformers, safetensors, gemma3_text, text-generation, gemma3, gemma, google, arxiv:2503.19786, arxiv:1905.07830, arxiv:1905.10044, arxiv:1911.11641, arxiv:1705.03551, arxiv:1911.01547, arxiv:1907.10641, arxiv:2311.07911, arxiv:2311.12022, arxiv:2411.04368, arxiv:1904.09728, arxiv:1903.00161, arxiv:2009.03300, arxiv:2304.06364, arxiv:2103.03874, arxiv:2110.14168, arxiv:2108.07732, arxiv:2107.03374, arxiv:2403.07974, arxiv:2305.03111, arxiv:2405.04520, arxiv:2210.03057, arxiv:2106.03193, arxiv:1910.11856, arxiv:2502.12404, arxiv:2502.21228, arxiv:2404.16816, arxiv:2104.12756, arxiv:2311.16502, arxiv:2203.10244, arxiv:2404.12390, arxiv:1810.12440, arxiv:1908.02660, arxiv:2310.02255, arxiv:2312.11805, license:gemma, text-generation-inference, endpoints_compatible, region:us",,https://huggingface.co/google/gemma-3-270m,N/A
vit,,Ultra-Light (Mobile/IoT),0.65 GB,4903510,google/vit-base-patch16-224,912,google/vit-base-patch16-224,google,0.0866,86.6M,"transformers, pytorch, tf, jax, safetensors, vit, image-classification, vision, dataset:imagenet-1k, dataset:imagenet-21k, arxiv:2010.11929, arxiv:2006.03677, license:apache-2.0, endpoints_compatible, deploy:azure, region:us",,https://huggingface.co/google/vit-base-patch16-224,N/A
t5,,Ultra-Light (Mobile/IoT),5.84 GB,509254,google/flan-t5-large,855,google/flan-t5-large,google,0.7832,783.2M,"transformers, pytorch, tf, jax, safetensors, t5, text2text-generation, en, fr, ro, de, multilingual, dataset:svakulenk0/qrecc, dataset:taskmaster2, dataset:djaym7/wiki_dialog, dataset:deepmind/code_contests, dataset:lambada, dataset:gsm8k, dataset:aqua_rat, dataset:esnli, dataset:quasc, dataset:qed, arxiv:2210.11416, arxiv:1910.09700, license:apache-2.0, text-generation-inference, endpoints_compatible, deploy:azure, region:us",,https://huggingface.co/google/flan-t5-large,N/A
gemma3n,,Portable (Laptop/Desktop),14.63 GB,68428,google/gemma-3n-E4B-it,831,google/gemma-3n-E4B-it,google,7.8,7.8B,"transformers, safetensors, gemma3n, any-to-any, automatic-speech-recognition, automatic-speech-translation, audio-text-to-text, video-text-to-text, image-text-to-text, conversational, arxiv:1905.07830, arxiv:1905.10044, arxiv:1911.11641, arxiv:1904.09728, arxiv:1705.03551, arxiv:1911.01547, arxiv:1907.10641, arxiv:1903.00161, arxiv:2210.03057, arxiv:2502.12404, arxiv:2411.19799, arxiv:2009.03300, arxiv:2502.21228, arxiv:2311.12022, arxiv:2403.07974, arxiv:2108.07732, arxiv:2107.03374, base_model:google/gemma-3n-E4B, base_model:finetune:google/gemma-3n-E4B, license:gemma, endpoints_compatible, region:us",,https://huggingface.co/google/gemma-3n-E4B-it,N/A
gemma3,,Portable (Laptop/Desktop),8.01 GB,476806,google/medgemma-4b-it,797,google/medgemma-4b-it,google,4.3,4.3B,"transformers, safetensors, gemma3, any-to-any, medical, radiology, clinical-reasoning, dermatology, pathology, ophthalmology, chest-x-ray, image-text-to-text, conversational, arxiv:2303.15343, arxiv:2507.05201, arxiv:2405.03162, arxiv:2106.14463, arxiv:2412.03555, arxiv:2501.19393, arxiv:2009.13081, arxiv:2102.09542, arxiv:2411.15640, arxiv:2404.05590, arxiv:2501.18362, base_model:google/medgemma-4b-pt, base_model:finetune:google/medgemma-4b-pt, license:other, text-generation-inference, endpoints_compatible, region:us",,https://huggingface.co/google/medgemma-4b-it,N/A
gemma3_text,,Ultra-Light (Mobile/IoT),1.87 GB,1506390,google/gemma-3-1b-it,750,google/gemma-3-1b-it,google,0.9999,999.9M,"transformers, safetensors, gemma3_text, text-generation, conversational, arxiv:1905.07830, arxiv:1905.10044, arxiv:1911.11641, arxiv:1904.09728, arxiv:1705.03551, arxiv:1911.01547, arxiv:1907.10641, arxiv:1903.00161, arxiv:2009.03300, arxiv:2304.06364, arxiv:2103.03874, arxiv:2110.14168, arxiv:2311.12022, arxiv:2108.07732, arxiv:2107.03374, arxiv:2210.03057, arxiv:2106.03193, arxiv:1910.11856, arxiv:2502.12404, arxiv:2502.21228, arxiv:2404.16816, arxiv:2104.12756, arxiv:2311.16502, arxiv:2203.10244, arxiv:2404.12390, arxiv:1810.12440, arxiv:1908.02660, arxiv:2312.11805, base_model:google/gemma-3-1b-pt, base_model:finetune:google/gemma-3-1b-pt, license:gemma, autotrain_compatible, text-generation-inference, endpoints_compatible, region:us",,https://huggingface.co/google/gemma-3-1b-it,arxiv:1905.07830
siglip,,Ultra-Light (Mobile/IoT),3.27 GB,6488548,google/siglip-so400m-patch14-384,630,google/siglip-so400m-patch14-384,google,0.878,878.0M,"transformers, safetensors, siglip, zero-shot-image-classification, vision, arxiv:2303.15343, arxiv:2305.13035, arxiv:2209.06794, license:apache-2.0, endpoints_compatible, region:us",,https://huggingface.co/google/siglip-so400m-patch14-384,N/A
gemma3_text,,Ultra-Light (Mobile/IoT),0.5 GB,189487,google/gemma-3-270m-it,489,google/gemma-3-270m-it,google,0.2681,268.1M,"transformers, safetensors, gemma3_text, text-generation, gemma3, gemma, google, conversational, arxiv:2503.19786, arxiv:1905.07830, arxiv:1905.10044, arxiv:1911.11641, arxiv:1705.03551, arxiv:1911.01547, arxiv:1907.10641, arxiv:2311.07911, arxiv:2311.12022, arxiv:2411.04368, arxiv:1904.09728, arxiv:1903.00161, arxiv:2009.03300, arxiv:2304.06364, arxiv:2103.03874, arxiv:2110.14168, arxiv:2108.07732, arxiv:2107.03374, arxiv:2403.07974, arxiv:2305.03111, arxiv:2405.04520, arxiv:2210.03057, arxiv:2106.03193, arxiv:1910.11856, arxiv:2502.12404, arxiv:2502.21228, arxiv:2404.16816, arxiv:2104.12756, arxiv:2311.16502, arxiv:2203.10244, arxiv:2404.12390, arxiv:1810.12440, arxiv:1908.02660, arxiv:2310.02255, arxiv:2312.11805, base_model:google/gemma-3-270m, base_model:finetune:google/gemma-3-270m, license:gemma, text-generation-inference, endpoints_compatible, region:us",,https://huggingface.co/google/gemma-3-270m-it,N/A
idefics3,,Ultra-Light (Mobile/IoT),0.48 GB,162376,ibm-granite/granite-docling-258M,1055,ibm-granite/granite-docling-258M,ibm-granite,0.2575,257.5M,"transformers, safetensors, idefics3, image-to-text, text-generation, documents, code, formula, chart, ocr, layout, table, document-parse, docling, granite, extraction, math, image-text-to-text, conversational, en, dataset:ds4sd/SynthCodeNet, dataset:ds4sd/SynthFormulaNet, dataset:ds4sd/SynthChartNet, dataset:HuggingFaceM4/DoclingMatix, arxiv:2501.17887, arxiv:2503.11576, arxiv:2305.03393, license:apache-2.0, endpoints_compatible, deploy:azure, region:us",,https://huggingface.co/ibm-granite/granite-docling-258M,arxiv:2501.17887
granitemoehybrid,,Edge-Efficient (Phone/Tablet),6.34 GB,50284,ibm-granite/granite-4.0-micro,240,ibm-granite/granite-4.0-micro,ibm-granite,3.4,3.4B,"transformers, safetensors, granitemoehybrid, text-generation, language, granite-4.0, conversational, arxiv:0000.00000, license:apache-2.0, endpoints_compatible, deploy:azure, region:us",,https://huggingface.co/ibm-granite/granite-4.0-micro,4.0
llava_next,,Edge-Efficient (Phone/Tablet),5.54 GB,10959,ibm-granite/granite-vision-3.3-2b,52,ibm-granite/granite-vision-3.3-2b,ibm-granite,3.0,3.0B,"safetensors, llava_next, arxiv:2502.09927, license:apache-2.0, region:us",,https://huggingface.co/ibm-granite/granite-vision-3.3-2b,3.3
llama,,Portable (Laptop/Desktop),14.96 GB,10327,nvidia/Llama3-ChatQA-1.5-8B,554,nvidia/Llama3-ChatQA-1.5-8B,nvidia,8.0,8.0B,"transformers, safetensors, llama, text-generation, nvidia, chatqa-1.5, chatqa, llama-3, pytorch, conversational, en, arxiv:2401.10225, license:llama3, text-generation-inference, endpoints_compatible, deploy:azure, region:us",,https://huggingface.co/nvidia/Llama3-ChatQA-1.5-8B,1.5
nvembed,,Portable (Laptop/Desktop),14.62 GB,112430,nvidia/NV-Embed-v2,490,nvidia/NV-Embed-v2,nvidia,7.9,7.9B,"transformers, safetensors, nvembed, feature-extraction, mteb, sentence-transformers, custom_code, en, arxiv:2405.17428, arxiv:2407.15831, license:cc-by-nc-4.0, model-index, region:us",,https://huggingface.co/nvidia/NV-Embed-v2,v2
qwen3,,Portable (Laptop/Desktop),30.51 GB,47956,nvidia/Nemotron-Orchestrator-8B,460,nvidia/Nemotron-Orchestrator-8B,nvidia,8.2,8.2B,"transformers, safetensors, qwen3, text-generation, conversational, arxiv:2511.21689, base_model:Qwen/Qwen3-8B, base_model:finetune:Qwen/Qwen3-8B, text-generation-inference, endpoints_compatible, region:us",,https://huggingface.co/nvidia/Nemotron-Orchestrator-8B,N/A
gr00t_n1,,Edge-Efficient (Phone/Tablet),4.08 GB,234,nvidia/GR00T-N1-2B,340,nvidia/GR00T-N1-2B,nvidia,2.2,2.2B,"safetensors, gr00t_n1, robotics, dataset:nvidia/PhysicalAI-Robotics-GR00T-X-Embodiment-Sim, arxiv:2503.14734, arxiv:2501.14818, arxiv:2410.24164, region:us",,https://huggingface.co/nvidia/GR00T-N1-2B,N/A
fastconformer,,Ultra-Light (Mobile/IoT),3.02 GB,295611,nvidia/canary-1b-flash,260,nvidia/canary-1b-flash,nvidia,0.811,811.0M,"nemo, safetensors, fastconformer, automatic-speech-recognition, automatic-speech-translation, speech, audio, Transformer, FastConformer, Conformer, pytorch, NeMo, hf-asr-leaderboard, en, de, es, fr, dataset:librispeech_asr, dataset:fisher_corpus, dataset:Switchboard-1, dataset:WSJ-0, dataset:WSJ-1, dataset:National-Singapore-Corpus-Part-1, dataset:National-Singapore-Corpus-Part-6, dataset:vctk, dataset:voxpopuli, dataset:europarl, dataset:multilingual_librispeech, dataset:mozilla-foundation/common_voice_8_0, dataset:MLCommons/peoples_speech, arxiv:2104.02821, arxiv:2503.05931, arxiv:1706.03762, arxiv:2409.13523, license:cc-by-4.0, model-index, region:us",,https://huggingface.co/nvidia/canary-1b-flash,N/A
hymba,,Edge-Efficient (Phone/Tablet),2.84 GB,307,nvidia/Hymba-1.5B-Instruct,242,nvidia/Hymba-1.5B-Instruct,nvidia,1.5,1.5B,"transformers, safetensors, hymba, text-generation, conversational, custom_code, arxiv:2411.13676, base_model:nvidia/Hymba-1.5B-Base, base_model:finetune:nvidia/Hymba-1.5B-Base, license:other, region:us",,https://huggingface.co/nvidia/Hymba-1.5B-Instruct,1.5
mimo,,Portable (Laptop/Desktop),14.59 GB,39210,XiaomiMiMo/MiMo-7B-RL,268,XiaomiMiMo/MiMo-7B-RL,XiaomiMiMo,7.8,7.8B,"transformers, safetensors, mimo, text-generation, conversational, custom_code, arxiv:2505.07608, license:mit, region:us",,https://huggingface.co/XiaomiMiMo/MiMo-7B-RL,N/A
mistral,,Portable (Laptop/Desktop),27.47 GB,338137,mistralai/Mistral-7B-v0.1,4019,mistralai/Mistral-7B-v0.1,mistralai,7.2,7.2B,"transformers, pytorch, safetensors, mistral, text-generation, pretrained, mistral-common, en, arxiv:2310.06825, license:apache-2.0, text-generation-inference, region:us",,https://huggingface.co/mistralai/Mistral-7B-v0.1,v0.1
mistral,,Portable (Laptop/Desktop),27.47 GB,3307718,mistralai/Mistral-7B-Instruct-v0.2,3037,mistralai/Mistral-7B-Instruct-v0.2,mistralai,7.2,7.2B,"transformers, pytorch, safetensors, mistral, text-generation, finetuned, mistral-common, conversational, arxiv:2310.06825, license:apache-2.0, text-generation-inference, deploy:azure, region:us",,https://huggingface.co/mistralai/Mistral-7B-Instruct-v0.2,v0.2
mistral,,Portable (Laptop/Desktop),27.0 GB,1111807,mistralai/Mistral-7B-Instruct-v0.3,2308,mistralai/Mistral-7B-Instruct-v0.3,mistralai,7.2,7.2B,"vllm, safetensors, mistral, mistral-common, base_model:mistralai/Mistral-7B-v0.3, base_model:finetune:mistralai/Mistral-7B-v0.3, license:apache-2.0, region:us",,https://huggingface.co/mistralai/Mistral-7B-Instruct-v0.3,v0.3
mistral,,Portable (Laptop/Desktop),27.47 GB,423104,mistralai/Mistral-7B-Instruct-v0.1,1816,mistralai/Mistral-7B-Instruct-v0.1,mistralai,7.2,7.2B,"transformers, pytorch, safetensors, mistral, text-generation, finetuned, mistral-common, conversational, arxiv:2310.06825, base_model:mistralai/Mistral-7B-v0.1, base_model:finetune:mistralai/Mistral-7B-v0.1, license:apache-2.0, text-generation-inference, region:us",,https://huggingface.co/mistralai/Mistral-7B-Instruct-v0.1,v0.1
Unknown,,Portable (Laptop/Desktop),27.14 GB,141620,mistralai/Mamba-Codestral-7B-v0.1,607,mistralai/Mamba-Codestral-7B-v0.1,mistralai,7.3,7.3B,"vllm, safetensors, mistral-common, license:apache-2.0, region:us",,https://huggingface.co/mistralai/Mamba-Codestral-7B-v0.1,v0.1
voxtral,,Portable (Laptop/Desktop),17.42 GB,538280,mistralai/Voxtral-Mini-3B-2507,599,mistralai/Voxtral-Mini-3B-2507,mistralai,4.7,4.7B,"mistral-common, safetensors, voxtral, vllm, en, fr, de, es, it, pt, nl, hi, arxiv:2507.13264, license:apache-2.0, region:us",,https://huggingface.co/mistralai/Voxtral-Mini-3B-2507,N/A
mistral,,Portable (Laptop/Desktop),29.88 GB,267585,mistralai/Ministral-8B-Instruct-2410,564,mistralai/Ministral-8B-Instruct-2410,mistralai,8.0,8.0B,"vllm, safetensors, mistral, mistral-common, en, fr, de, es, it, pt, zh, ja, ru, ko, license:other, region:us",,https://huggingface.co/mistralai/Ministral-8B-Instruct-2410,N/A
mistral,,Portable (Laptop/Desktop),27.0 GB,166839,mistralai/Mistral-7B-v0.3,548,mistralai/Mistral-7B-v0.3,mistralai,7.2,7.2B,"vllm, safetensors, mistral, mistral-common, license:apache-2.0, region:us",,https://huggingface.co/mistralai/Mistral-7B-v0.3,v0.3
gemma,,Edge-Efficient (Phone/Tablet),4.67 GB,593,NexaAI/Octopus-v2,891,NexaAI/Octopus-v2,NexaAI,2.5,2.5B,"transformers, safetensors, gemma, text-generation, function calling, on-device language model, android, conversational, en, arxiv:2404.19296, arxiv:2404.11459, arxiv:2404.01744, base_model:google/gemma-2b, base_model:finetune:google/gemma-2b, license:cc-by-nc-4.0, text-generation-inference, region:us",,https://huggingface.co/NexaAI/Octopus-v2,v2
deepseek_vl_v2,,Edge-Efficient (Phone/Tablet),6.21 GB,4987955,deepseek-ai/DeepSeek-OCR,2979,deepseek-ai/DeepSeek-OCR,deepseek-ai,3.3,3.3B,"transformers, safetensors, deepseek_vl_v2, feature-extraction, deepseek, vision-language, ocr, custom_code, image-text-to-text, multilingual, arxiv:2510.18234, license:mit, region:us",,https://huggingface.co/deepseek-ai/DeepSeek-OCR,arxiv:2510.18234
qwen3,,Portable (Laptop/Desktop),15.26 GB,502082,deepseek-ai/DeepSeek-R1-0528-Qwen3-8B,1001,deepseek-ai/DeepSeek-R1-0528-Qwen3-8B,deepseek-ai,8.2,8.2B,"transformers, safetensors, qwen3, text-generation, conversational, arxiv:2501.12948, license:mit, text-generation-inference, endpoints_compatible, region:us",,https://huggingface.co/deepseek-ai/DeepSeek-R1-0528-Qwen3-8B,N/A
llama,,Portable (Laptop/Desktop),14.96 GB,981131,deepseek-ai/DeepSeek-R1-Distill-Llama-8B,834,deepseek-ai/DeepSeek-R1-Distill-Llama-8B,deepseek-ai,8.0,8.0B,"transformers, safetensors, llama, text-generation, conversational, arxiv:2501.12948, license:mit, autotrain_compatible, text-generation-inference, endpoints_compatible, region:us",,https://huggingface.co/deepseek-ai/DeepSeek-R1-Distill-Llama-8B,N/A
multi_modality,,Edge-Efficient (Phone/Tablet),3.89 GB,8300,deepseek-ai/Janus-1.3B,592,deepseek-ai/Janus-1.3B,deepseek-ai,2.1,2.1B,"transformers, safetensors, multi_modality, muiltimodal, text-to-image, unified-model, any-to-any, arxiv:2410.13848, license:mit, endpoints_compatible, region:us",,https://huggingface.co/deepseek-ai/Janus-1.3B,1.3
llama,,Portable (Laptop/Desktop),25.11 GB,41620,deepseek-ai/deepseek-coder-6.7b-instruct,461,deepseek-ai/deepseek-coder-6.7b-instruct,deepseek-ai,6.7,6.7B,"transformers, pytorch, safetensors, llama, text-generation, conversational, license:other, text-generation-inference, endpoints_compatible, deploy:azure, region:us",,https://huggingface.co/deepseek-ai/deepseek-coder-6.7b-instruct,6.7
t5, Safeguard,Portable (Laptop/Desktop),2.77 GB,,Salesforce/safety-flan-t5-base,8,Salesforce/safety-flan-t5-base,Salesforce,5.0,5B,"transformers, pytorch, t5, text2text-generation, text-generation-inference",,https://huggingface.co/Salesforce/safety-flan-t5-base,N/A
llama, Safeguard,Portable (Laptop/Desktop),12.55 GB,,BAAI/JudgeLM-7B-v1.0,18,BAAI/JudgeLM-7B-v1.0,BAAI,7.0,7B,"transformers, pytorch, llama, text-generation, instruction-finetuning",,https://huggingface.co/BAAI/JudgeLM-7B-v1.0,v1.0
qwen3, Tool Use,Portable (Laptop/Desktop),14.1 GB,,Qwen/Qwen3-Embedding-8B,489,Qwen/Qwen3-Embedding-8B,Qwen,7.6,7.6B,"sentence-transformers, safetensors, qwen3, text-generation, transformers",,https://huggingface.co/Qwen/Qwen3-Embedding-8B,arxiv:2506.05176
mistral, Safeguard,Portable (Laptop/Desktop),27.0 GB,,allenai/wildguard,36,allenai/wildguard,allenai,7.2,7.2B,"transformers, pytorch, safetensors, mistral, text-generation",,https://huggingface.co/allenai/wildguard,arxiv:2406.18495
mistral," Safeguard,  Tool Use,  Specialized Instruct",Portable (Laptop/Desktop),13.25 GB,,openbmb/Eurus-RM-7b,28,openbmb/Eurus-RM-7b,openbmb,7.1,7.1B,"transformers, safetensors, mistral, feature-extraction, reward_model",,https://huggingface.co/openbmb/Eurus-RM-7b,arxiv:2404.02078
gpt_neox, Specialized Instruct,Edge-Efficient (Phone/Tablet),11.32 GB,,stabilityai/stablecode-completion-alpha-3b-4k,278,stabilityai/stablecode-completion-alpha-3b-4k,stabilityai,3.3,3.3B,"transformers, pytorch, safetensors, gpt_neox, text-generation",,https://huggingface.co/stabilityai/stablecode-completion-alpha-3b-4k,arxiv:2104.09864
llama, Safeguard,Portable (Laptop/Desktop),14.96 GB,,meta-llama/Meta-Llama-Guard-2-8B,301,meta-llama/Meta-Llama-Guard-2-8B,meta-llama,8.0,8.0B,"transformers, safetensors, llama, text-generation, facebook",,https://huggingface.co/meta-llama/Meta-Llama-Guard-2-8B,N/A
deberta-v2, Safeguard,Ultra-Light (Mobile/IoT),1.04 GB,,meta-llama/Prompt-Guard-86M,288,meta-llama/Prompt-Guard-86M,meta-llama,0.2788,278.8M,"transformers, safetensors, deberta-v2, text-classification, facebook",,https://huggingface.co/meta-llama/Prompt-Guard-86M,N/A
llama, Safeguard,Portable (Laptop/Desktop),14.96 GB,,meta-llama/Llama-Guard-3-8B,250,meta-llama/Llama-Guard-3-8B,meta-llama,8.0,8.0B,"transformers, safetensors, llama, text-generation, facebook",,https://huggingface.co/meta-llama/Llama-Guard-3-8B,N/A
llama, Safeguard,Portable (Laptop/Desktop),25.1 GB,,meta-llama/LlamaGuard-7b,239,meta-llama/LlamaGuard-7b,meta-llama,6.7,6.7B,"transformers, safetensors, llama, text-generation, facebook",,https://huggingface.co/meta-llama/LlamaGuard-7b,N/A
llama," Safeguard,  Edge/Mobile",Edge-Efficient (Phone/Tablet),2.79 GB,,meta-llama/Llama-Guard-3-1B,92,meta-llama/Llama-Guard-3-1B,meta-llama,1.5,1.5B,"transformers, safetensors, llama, text-generation, facebook",,https://huggingface.co/meta-llama/Llama-Guard-3-1B,N/A
deberta-v2, Safeguard,Ultra-Light (Mobile/IoT),1.04 GB,,meta-llama/Llama-Prompt-Guard-2-86M,70,meta-llama/Llama-Prompt-Guard-2-86M,meta-llama,0.2788,278.8M,"transformers, safetensors, deberta-v2, text-classification, facebook",,https://huggingface.co/meta-llama/Llama-Prompt-Guard-2-86M,N/A
llama, Safeguard,Portable (Laptop/Desktop),8.46 GB,,meta-llama/Llama-Guard-3-8B-INT8,38,meta-llama/Llama-Guard-3-8B-INT8,meta-llama,8.0,8.0B,"transformers, safetensors, llama, text-generation, facebook",,https://huggingface.co/meta-llama/Llama-Guard-3-8B-INT8,N/A
roberta, Safeguard,Ultra-Light (Mobile/IoT),0.29 GB,,ibm-granite/granite-guardian-hap-38m,43,ibm-granite/granite-guardian-hap-38m,ibm-granite,0.0385,38.5M,"transformers, pytorch, safetensors, roberta, text-classification",,https://huggingface.co/ibm-granite/granite-guardian-hap-38m,license:apache-2.0
granite, Safeguard,Portable (Laptop/Desktop),15.22 GB,,ibm-granite/granite-guardian-3.0-8b,37,ibm-granite/granite-guardian-3.0-8b,ibm-granite,8.2,8.2B,"transformers, safetensors, granite, text-generation, conversational",,https://huggingface.co/ibm-granite/granite-guardian-3.0-8b,3.0
roberta, Safeguard,Ultra-Light (Mobile/IoT),0.93 GB,,ibm-granite/granite-guardian-hap-125m,26,ibm-granite/granite-guardian-hap-125m,ibm-granite,0.12459999999999999,124.6M,"transformers, pytorch, safetensors, roberta, text-classification",,https://huggingface.co/ibm-granite/granite-guardian-hap-125m,license:apache-2.0
granite," Safeguard,  Edge/Mobile",Edge-Efficient (Phone/Tablet),4.72 GB,,ibm-granite/granite-guardian-3.0-2b,21,ibm-granite/granite-guardian-3.0-2b,ibm-granite,2.5,2.5B,"transformers, safetensors, granite, text-generation, conversational",,https://huggingface.co/ibm-granite/granite-guardian-3.0-2b,3.0
granite, Safeguard,Portable (Laptop/Desktop),15.22 GB,,ibm-granite/granite-guardian-3.3-8b,21,ibm-granite/granite-guardian-3.3-8b,ibm-granite,8.2,8.2B,"transformers, safetensors, granite, text-generation, conversational",,https://huggingface.co/ibm-granite/granite-guardian-3.3-8b,3.3
granite, Safeguard,Portable (Laptop/Desktop),0.06 GB,,ibm-granite/granite-guardian-3.2-5b-lora-harm-correction,20,ibm-granite/granite-guardian-3.2-5b-lora-harm-correction,ibm-granite,5.0,5B,"transformers, safetensors, granite, text-generation, conversational",,https://huggingface.co/ibm-granite/granite-guardian-3.2-5b-lora-harm-correction,3.2
granite," Safeguard,  Edge/Mobile",Edge-Efficient (Phone/Tablet),4.72 GB,,ibm-granite/granite-guardian-3.1-2b,15,ibm-granite/granite-guardian-3.1-2b,ibm-granite,2.5,2.5B,"transformers, safetensors, granite, text-generation, conversational",,https://huggingface.co/ibm-granite/granite-guardian-3.1-2b,3.1
granite, Safeguard,Portable (Laptop/Desktop),15.22 GB,,ibm-granite/granite-guardian-3.1-8b,14,ibm-granite/granite-guardian-3.1-8b,ibm-granite,8.2,8.2B,"transformers, safetensors, granite, text-generation, conversational",,https://huggingface.co/ibm-granite/granite-guardian-3.1-8b,3.1
granite, Safeguard,Portable (Laptop/Desktop),10.77 GB,,ibm-granite/granite-guardian-3.2-5b,11,ibm-granite/granite-guardian-3.2-5b,ibm-granite,5.8,5.8B,"transformers, safetensors, granite, text-generation, conversational",,https://huggingface.co/ibm-granite/granite-guardian-3.2-5b,3.2
